Feature,#Markers,#Code Markers,#File Markers,#Propagations,#Deletion Propagations,#Replacement Propagations,#Resource Propagations,#Path Propagations

Basic Operations,0,0,0,0,0,0,0,0
Addition,2,2,0,2,2,0,0,0
Subtraction,2,2,0,2,2,0,0,0
Multiplication,2,2,0,2,2,0,0,0
Division,2,2,0,2,2,0,0,0
Advanced Math,0,0,0,0,0,0,0,0
Trigonometric Functions,0,0,0,0,0,0,0,0
Logarithmic Functions,0,0,0,0,0,0,0,0
Square,2,2,0,2,2,0,0,0
Square Root,2,2,0,2,2,0,0,0
Power,2,2,0,2,2,0,0,0
Reciprocal,2,2,0,2,2,0,0,0
Sin,2,2,0,2,2,0,0,0
Cos,2,2,0,2,2,0,0,0
Tan,2,2,0,2,2,0,0,0
Log10,2,2,0,2,2,0,0,0
Natural Logarithm,2,2,0,2,2,0,0,0
Functions,0,0,0,0,0,0,0,0
Binary Conversion,3,3,0,3,3,0,0,0
Absolute Value,1,1,0,1,1,0,0,0